Timestamp,Fake0,Fake1,Fake2,Fake3,Fake4,Fake5,Fake6,Fake7
0.000000,0.496050,0.507477,0.502687,0.556812,0.513221,0.518911,0.506058,0.485308
0.020882,0.515934,0.458567,0.470570,0.472695,0.517175,0.514503,0.510728,0.500466
0.043851,0.505709,0.473556,0.508077,0.477773,0.494476,0.517287,0.532312,0.514895
0.064053,0.531817,0.467313,0.509357,0.486045,0.503924,0.529896,0.492447,0.502542
0.086494,0.497721,0.541358,0.494444,0.483496,0.487430,0.512876,0.498742,0.493323
0.111275,0.490942,0.466088,0.487583,0.488943,0.499819,0.524115,0.497876,0.502798
0.136069,0.466161,0.503390,0.501047,0.489820,0.531010,0.507573,0.470301,0.481824
0.160870,0.492940,0.534920,0.478997,0.454879,0.493512,0.527698,0.476834,0.491130
0.185516,0.488230,0.499417,0.504364,0.490583,0.522265,0.489830,0.530429,0.480230
0.208084,0.486264,0.512062,0.532226,0.488768,0.507412,0.515599,0.515613,0.474062
0.232865,0.462544,0.500980,0.521628,0.514218,0.512244,0.504427,0.435532,0.501431
0.257648,0.520751,0.493467,0.523906,0.513924,0.498972,0.526857,0.487885,0.492200
0.277914,0.495305,0.487245,0.491700,0.494325,0.502992,0.534537,0.465763,0.499455
0.298883,0.497859,0.501725,0.498356,0.505398,0.510457,0.500224,0.472612,0.516714
0.323642,0.503205,0.534102,0.463773,0.489215,0.491625,0.499861,0.514730,0.482859
0.347545,0.484653,0.510626,0.497036,0.481517,0.485764,0.493593,0.485395,0.495564
0.371135,0.512627,0.528212,0.533253,0.531573,0.473657,0.513307,0.514295,0.505996
0.393347,0.520477,0.499721,0.439470,0.469165,0.498952,0.523073,0.498445,0.516490
0.417941,0.487662,0.506161,0.484658,0.488727,0.533251,0.502208,0.521980,0.496393
0.439652,0.543971,0.471441,0.524024,0.464095,0.497578,0.482526,0.477997,0.502971
0.464423,0.532335,0.495216,0.516236,0.499704,0.527678,0.508226,0.516503,0.498742
0.489203,0.510507,0.508738,0.528753,0.504052,0.497388,0.486695,0.505973,0.521798
0.513978,0.484981,0.525736,0.496450,0.504160,0.518516,0.527376,0.521975,0.493960
0.538760,0.512724,0.520682,0.486959,0.514851,0.469065,0.526351,0.500872,0.477430
0.563512,0.523494,0.504260,0.515725,0.479169,0.481998,0.484429,0.484891,0.493952
0.588168,0.477464,0.512000,0.511761,0.534585,0.511544,0.523817,0.471669,0.493188
0.612965,0.476753,0.541698,0.482446,0.515013,0.500707,0.499737,0.501561,0.515623
0.636284,0.481884,0.495826,0.539554,0.509386,0.478998,0.478782,0.467697,0.489381
0.658489,0.526284,0.457530,0.500382,0.500012,0.506972,0.492245,0.504097,0.507195
0.683270,0.509691,0.542648,0.467057,0.516142,0.490391,0.521985,0.517167,0.497814
0.706622,0.495430,0.519926,0.491016,0.517638,0.470026,0.488057,0.497970,0.496075
0.728404,0.530686,0.516911,0.473326,0.497942,0.490294,0.495307,0.515501,0.488534
0.753178,0.492795,0.517113,0.510563,0.495263,0.499754,0.456810,0.509037,0.526704
0.777958,0.512831,0.480373,0.489910,0.476116,0.505071,0.478062,0.521910,0.482193
0.802665,0.497277,0.533269,0.492911,0.498848,0.485019,0.557929,0.481112,0.516387
0.825250,0.475229,0.488367,0.526676,0.480186,0.504657,0.516224,0.508532,0.498945
0.848592,0.479382,0.531376,0.453243,0.498845,0.502875,0.496938,0.492879,0.482715
0.873364,0.522560,0.521130,0.510300,0.508764,0.499481,0.541744,0.537386,0.473752
0.895967,0.469878,0.475234,0.518424,0.467914,0.492295,0.501989,0.511928,0.504981
0.920761,0.476974,0.494603,0.538866,0.496744,0.487795,0.502615,0.520402,0.490176
0.943396,0.495442,0.507068,0.499117,0.467559,0.518510,0.496921,0.478207,0.513156
0.966550,0.498352,0.508525,0.459407,0.518373,0.502786,0.537604,0.488114,0.528115
0.989169,0.501828,0.501853,0.530023,0.483221,0.509961,0.462138,0.493489,0.487848
1.013973,0.521833,0.481047,0.521990,0.525591,0.531124,0.510355,0.463854,0.485678
1.035762,0.533855,0.513568,0.510096,0.497082,0.495997,0.485261,0.506970,0.516849
1.058304,0.527813,0.462252,0.500880,0.498907,0.496722,0.502329,0.519068,0.507686
1.082639,0.498888,0.488027,0.511268,0.491053,0.505930,0.507159,0.511225,0.511824
1.105494,0.483205,0.483156,0.511801,0.502550,0.497939,0.537623,0.505782,0.513673
1.130289,0.500358,0.520486,0.500520,0.495275,0.486260,0.518182,0.508369,0.522547
1.155000,0.492043,0.505302,0.502499,0.483088,0.527620,0.491540,0.462986,0.498010
1.175835,0.481421,0.488605,0.504121,0.532412,0.515557,0.523320,0.504244,0.489163
1.200625,0.507335,0.503634,0.479530,0.507579,0.503778,0.527266,0.461011,0.537789
1.221301,0.490266,0.526380,0.493058,0.503272,0.528809,0.508119,0.503480,0.520605
1.246077,0.479842,0.495764,0.480445,0.463320,0.488418,0.432125,0.507989,0.516641
1.270791,0.487326,0.510553,0.514443,0.490868,0.508241,0.516719,0.527071,0.504520
1.295324,0.493215,0.485350,0.488400,0.459684,0.522685,0.477130,0.491919,0.527470
1.320113,0.504935,0.527285,0.490646,0.489033,0.474417,0.478290,0.528443,0.511005
1.344863,0.485949,0.493817,0.481860,0.504303,0.482591,0.511406,0.482053,0.498490
1.369652,0.514800,0.475491,0.479961,0.424576,0.514546,0.528165,0.457159,0.487830
1.392627,0.502676,0.544159,0.486783,0.513163,0.496011,0.509888,0.477038,0.480772
1.416370,0.489722,0.535768,0.472216,0.528560,0.499347,0.476250,0.469770,0.509951
1.439992,0.504115,0.528503,0.481901,0.513197,0.489494,0.506174,0.496351,0.487378
1.464019,0.518040,0.521714,0.533800,0.501675,0.501063,0.502861,0.500049,0.483401
1.488856,0.515332,0.516188,0.495963,0.517446,0.516440,0.498929,0.523775,0.496217
1.513636,0.497956,0.471707,0.473058,0.544247,0.503258,0.499778,0.485082,0.499281
1.538422,0.503793,0.514411,0.487909,0.486083,0.496173,0.514787,0.501672,0.511539
1.563227,0.494039,0.457769,0.488269,0.511023,0.475901,0.496480,0.534841,0.498018
1.588002,0.533777,0.514318,0.477412,0.478184,0.507577,0.470966,0.514407,0.496759
1.610658,0.513107,0.485095,0.506750,0.479050,0.485228,0.512590,0.490127,0.517076
1.634547,0.522833,0.489919,0.497961,0.502472,0.526956,0.484320,0.559189,0.494386
1.656680,0.530436,0.490542,0.502562,0.509824,0.502964,0.499373,0.513139,0.523488
1.681486,0.480194,0.499540,0.473271,0.511878,0.465739,0.517206,0.491149,0.495743
1.705149,0.459318,0.492928,0.498052,0.497474,0.490379,0.522638,0.482079,0.531295
1.727966,0.487988,0.519244,0.530363,0.471488,0.467964,0.458481,0.525227,0.547579
1.749301,0.496015,0.458372,0.541591,0.499989,0.460405,0.492362,0.505724,0.546909
1.774091,0.458107,0.506136,0.482717,0.502809,0.498537,0.500042,0.511703,0.521326
1.794424,0.487734,0.571769,0.514412,0.509779,0.503475,0.479815,0.474723,0.510333
1.816622,0.472748,0.468481,0.519871,0.515619,0.508935,0.484785,0.503464,0.487478
1.841044,0.523830,0.486443,0.497326,0.493304,0.510515,0.530462,0.485562,0.559522
1.865832,0.503254,0.494485,0.501827,0.521777,0.481082,0.478374,0.503567,0.495563
1.890585,0.481406,0.511209,0.500328,0.482358,0.470032,0.463072,0.505489,0.545782
1.915323,0.543468,0.469998,0.456184,0.453091,0.512252,0.524464,0.496044,0.489021
1.938502,0.507824,0.486852,0.478355,0.473961,0.497306,0.495378,0.491708,0.522650
1.963261,0.526988,0.461964,0.511737,0.510198,0.490583,0.481107,0.521652,0.468080
1.986708,0.507052,0.540493,0.534585,0.519835,0.515147,0.511431,0.496819,0.523403
2.010704,0.472169,0.515624,0.500314,0.496703,0.503082,0.509044,0.511264,0.501218
2.034307,0.499136,0.492181,0.506871,0.456950,0.503237,0.528441,0.526202,0.486200
2.058613,0.524180,0.523808,0.468184,0.548965,0.525111,0.492901,0.493476,0.482640
2.083396,0.479233,0.493067,0.506639,0.515489,0.482678,0.490108,0.478948,0.512047
2.108177,0.500719,0.502569,0.476319,0.498343,0.476744,0.496079,0.505428,0.468353
2.130654,0.524562,0.485700,0.493090,0.496054,0.515623,0.537887,0.506009,0.478131
2.154702,0.475434,0.490245,0.508400,0.531477,0.476639,0.498345,0.480256,0.524117
2.178874,0.510092,0.513660,0.497726,0.488900,0.556836,0.489552,0.496688,0.505816
2.202607,0.508887,0.507311,0.500912,0.531254,0.521756,0.517725,0.487785,0.485947
2.226856,0.496849,0.503255,0.510355,0.513669,0.474145,0.506508,0.506820,0.482509
2.250208,0.493314,0.484974,0.550407,0.512756,0.496048,0.465393,0.515292,0.461941
2.274652,0.501296,0.499608,0.521198,0.456671,0.482813,0.480147,0.493442,0.541417
2.299434,0.501441,0.510033,0.533371,0.523132,0.502277,0.505212,0.494779,0.527340
2.322496,0.508419,0.510057,0.472800,0.507012,0.498262,0.500000,0.513229,0.499519
2.347260,0.477799,0.471063,0.510542,0.486889,0.466211,0.477948,0.483728,0.482949
2.370730,0.478370,0.528815,0.482033,0.465155,0.471795,0.505598,0.532715,0.500173
2.395508,0.534757,0.484838,0.489960,0.468592,0.496507,0.525045,0.483617,0.476745
2.417699,0.475527,0.521665,0.523627,0.486099,0.535384,0.498127,0.504657,0.503078
2.442024,0.511205,0.504889,0.519050,0.483361,0.490104,0.520008,0.545151,0.490301
2.466615,0.505924,0.517083,0.484128,0.472802,0.527524,0.482433,0.524189,0.509182
2.491397,0.473249,0.472783,0.477910,0.504984,0.499121,0.490568,0.502255,0.516434
2.516191,0.495549,0.518193,0.504143,0.519743,0.497265,0.497131,0.478334,0.491712
2.540957,0.493130,0.515525,0.458950,0.469930,0.499718,0.483650,0.493353,0.496052
2.565547,0.484445,0.519402,0.498604,0.483996,0.494540,0.491561,0.506735,0.520852
2.590331,0.547703,0.508553,0.495667,0.521373,0.521616,0.528952,0.499673,0.469401
2.612132,0.544692,0.492322,0.508597,0.507984,0.482893,0.533819,0.493410,0.521367
2.634622,0.521894,0.498786,0.492249,0.543533,0.507541,0.481076,0.480813,0.510535
2.658151,0.500677,0.522055,0.492973,0.503103,0.510404,0.496114,0.519417,0.529177
2.682917,0.489181,0.517206,0.551660,0.502965,0.466026,0.514487,0.552470,0.487059
2.706061,0.486850,0.499354,0.502475,0.491767,0.492256,0.485575,0.509419,0.470540
2.730617,0.529723,0.510188,0.509540,0.494969,0.506237,0.511718,0.479325,0.498141
2.754004,0.478276,0.498726,0.531076,0.468622,0.512562,0.498698,0.514509,0.525654
2.778745,0.523109,0.474298,0.502574,0.511281,0.459303,0.474173,0.524656,0.498707
2.803529,0.486607,0.498039,0.523337,0.497342,0.468332,0.494615,0.490600,0.480807
2.824272,0.483546,0.511833,0.467483,0.495594,0.480268,0.498784,0.530729,0.527102
2.847671,0.499942,0.510232,0.532414,0.492982,0.447434,0.530519,0.508375,0.532632
2.869256,0.495399,0.522526,0.510387,0.498717,0.537888,0.489627,0.493073,0.509153
2.894041,0.527332,0.440857,0.505875,0.472968,0.497692,0.492492,0.502030,0.507188
2.918830,0.495658,0.498404,0.497296,0.502331,0.509956,0.496856,0.470843,0.497958
2.941450,0.511042,0.495143,0.510463,0.513256,0.494204,0.507679,0.496938,0.498618
2.966118,0.449957,0.523984,0.524542,0.514100,0.472144,0.500427,0.479429,0.499477
2.990894,0.474247,0.498566,0.523903,0.491297,0.495809,0.479487,0.506248,0.496139
3.015682,0.491201,0.498487,0.487814,0.501615,0.469911,0.470728,0.515473,0.500207
3.039661,0.525319,0.493722,0.501722,0.487105,0.486797,0.508833,0.487932,0.534339
3.062296,0.487617,0.484628,0.481174,0.544384,0.500764,0.502522,0.519761,0.488743
3.083090,0.524642,0.500332,0.506421,0.449056,0.536863,0.494394,0.518281,0.508061
3.107849,0.495623,0.494902,0.500633,0.517682,0.485154,0.500737,0.531940,0.512610
3.132654,0.492116,0.544390,0.510727,0.510651,0.491760,0.453989,0.518768,0.518551
3.156020,0.477692,0.503404,0.487710,0.469566,0.503571,0.508299,0.517588,0.510873
3.179409,0.446736,0.487879,0.494358,0.486384,0.486155,0.526717,0.483759,0.522903
3.202108,0.487224,0.537614,0.512588,0.531098,0.528717,0.498292,0.490002,0.534910
3.226881,0.490361,0.514260,0.530153,0.506685,0.493640,0.483364,0.526239,0.500598
3.246941,0.477218,0.473557,0.522820,0.507227,0.488195,0.495087,0.494903,0.526389
3.271725,0.529253,0.477159,0.516328,0.517185,0.470413,0.487634,0.487330,0.492474
3.296501,0.475713,0.468528,0.469407,0.502071,0.521365,0.477525,0.492731,0.483044
3.321282,0.520371,0.485908,0.463563,0.488055,0.509290,0.500464,0.490143,0.490157
3.346037,0.532085,0.487319,0.496546,0.500006,0.453086,0.490123,0.492132,0.459416
3.370820,0.491335,0.507647,0.480803,0.493601,0.495625,0.531789,0.486822,0.511660
3.395614,0.475844,0.530708,0.491751,0.509971,0.513302,0.483697,0.479157,0.491037
3.416219,0.458290,0.493526,0.487020,0.482742,0.518888,0.494665,0.532109,0.512379
3.440988,0.491727,0.529803,0.504222,0.480985,0.497237,0.473964,0.468716,0.471470
3.462967,0.456277,0.502604,0.504794,0.512472,0.511027,0.536649,0.500233,0.510725
3.486199,0.489205,0.488954,0.492197,0.494787,0.479908,0.505113,0.503694,0.482365
3.506847,0.479806,0.488490,0.511604,0.475289,0.499151,0.471461,0.502571,0.491270
3.531642,0.538720,0.483798,0.528178,0.466087,0.487551,0.482440,0.457962,0.517324
3.556390,0.472257,0.529349,0.453933,0.500696,0.472396,0.462921,0.503256,0.490564
3.579737,0.516942,0.480386,0.523470,0.490427,0.463738,0.477723,0.492664,0.505329
3.603288,0.474890,0.551543,0.548807,0.529228,0.512529,0.513677,0.479215,0.501260
3.628060,0.499141,0.499570,0.492842,0.494402,0.478022,0.533694,0.496810,0.478164
3.652601,0.468556,0.525807,0.503225,0.531182,0.503165,0.508943,0.482371,0.509231
3.677390,0.537736,0.468547,0.532820,0.504894,0.510791,0.487088,0.474603,0.504072
3.701250,0.484676,0.493618,0.507700,0.503329,0.467284,0.515588,0.505218,0.530153
3.722564,0.513337,0.515013,0.497211,0.485744,0.457539,0.509150,0.489829,0.524611
3.747333,0.529201,0.472797,0.518103,0.516287,0.524842,0.462253,0.468551,0.503035
3.772116,0.513628,0.503331,0.481737,0.506978,0.473788,0.504141,0.449355,0.509734
3.795849,0.492752,0.496916,0.477937,0.517902,0.476665,0.497610,0.492724,0.493152
3.818327,0.500963,0.469300,0.502120,0.495997,0.508845,0.453502,0.509519,0.487576
3.842461,0.510179,0.498237,0.492165,0.553938,0.526343,0.508959,0.508626,0.538865
3.866320,0.506526,0.469503,0.477612,0.516927,0.504040,0.485669,0.484563,0.503685
3.890592,0.514726,0.484736,0.494423,0.499458,0.520271,0.516885,0.469889,0.470451
3.915374,0.511284,0.503246,0.498540,0.483035,0.475978,0.450730,0.532467,0.477807
3.938950,0.523982,0.534038,0.552254,0.493530,0.485944,0.481750,0.512797,0.508298
3.962661,0.511018,0.495879,0.510304,0.499859,0.543374,0.471821,0.500167,0.481077
3.987428,0.506015,0.514850,0.514838,0.501467,0.504147,0.465226,0.470557,0.519610
4.008883,0.493826,0.535496,0.499344,0.530263,0.518144,0.501123,0.488803,0.499269
4.033652,0.475251,0.472426,0.518400,0.510512,0.486993,0.484854,0.530796,0.483698
4.058422,0.510658,0.505385,0.469016,0.494346,0.488881,0.487985,0.515115,0.488235
4.081069,0.498964,0.504032,0.499960,0.487633,0.502562,0.465890,0.518755,0.489689
4.105860,0.477450,0.482565,0.447922,0.488972,0.519636,0.507986,0.490703,0.501029
4.130663,0.504434,0.470038,0.516799,0.527799,0.497220,0.519578,0.537748,0.504532
4.154633,0.505233,0.493371,0.480184,0.481647,0.497252,0.478352,0.499922,0.531920
4.179409,0.512994,0.492484,0.471782,0.499203,0.442665,0.482813,0.510331,0.509408
4.202487,0.475397,0.455653,0.497009,0.517131,0.484521,0.499075,0.495993,0.492989
4.226485,0.540227,0.505425,0.521126,0.438852,0.521987,0.531404,0.502829,0.493958
4.250595,0.498774,0.526235,0.494338,0.516915,0.485325,0.498918,0.505888,0.486385
4.275359,0.494298,0.474469,0.523706,0.540112,0.519768,0.514725,0.495204,0.512636
4.298482,0.527355,0.482350,0.504893,0.473723,0.478293,0.473740,0.522317,0.513826
4.323278,0.489906,0.511850,0.479536,0.503259,0.519148,0.491786,0.530014,0.493146
4.346569,0.530010,0.486851,0.509190,0.491919,0.499936,0.483622,0.518133,0.509713
4.371339,0.516491,0.479894,0.494542,0.524363,0.511848,0.502345,0.510630,0.490936
4.394768,0.506811,0.445322,0.495419,0.533385,0.468828,0.492636,0.488150,0.474777
4.418434,0.471919,0.500992,0.495581,0.468221,0.507620,0.464261,0.485749,0.485818
4.442589,0.521883,0.485627,0.491272,0.515534,0.493045,0.520979,0.511665,0.496205
4.465711,0.477616,0.489507,0.513742,0.516817,0.462238,0.519397,0.512311,0.484051
4.490477,0.525892,0.504062,0.525081,0.477059,0.545982,0.567637,0.502513,0.499162
4.514722,0.482335,0.496380,0.480211,0.489918,0.516071,0.485323,0.516147,0.520948
4.539491,0.470629,0.507170,0.528332,0.492588,0.499247,0.481401,0.499976,0.500434
4.561782,0.494251,0.483707,0.484302,0.505489,0.497125,0.489016,0.490786,0.503677
4.585547,0.477228,0.461593,0.485697,0.475000,0.490072,0.495830,0.519265,0.530631
4.607979,0.488251,0.481869,0.469284,0.514651,0.465830,0.503116,0.508300,0.482254
4.629778,0.519393,0.495374,0.523816,0.477040,0.485582,0.503851,0.498661,0.502210
4.654580,0.509935,0.473430,0.533117,0.485610,0.500248,0.440756,0.501169,0.505135
4.676129,0.492211,0.516498,0.508797,0.481566,0.463313,0.469127,0.529772,0.495809
4.700865,0.489951,0.516124,0.508760,0.502114,0.497347,0.497114,0.519767,0.481508
4.725626,0.502964,0.474640,0.526953,0.521101,0.464705,0.512677,0.530588,0.489692
4.750257,0.496298,0.481899,0.538915,0.516209,0.512074,0.499211,0.501495,0.488730
4.775027,0.503033,0.491862,0.512038,0.495014,0.495900,0.490169,0.495808,0.483110
4.799820,0.478998,0.518713,0.530998,0.498437,0.474008,0.516115,0.510947,0.498880
4.823759,0.504443,0.482112,0.523541,0.474817,0.472955,0.510719,0.513303,0.518769
4.848555,0.506857,0.513634,0.498275,0.486457,0.512169,0.478051,0.507465,0.530480
4.871160,0.553850,0.519648,0.524824,0.500068,0.517755,0.528963,0.523201,0.514455
4.895914,0.524019,0.523184,0.496865,0.511360,0.485142,0.499628,0.453484,0.512406
4.919862,0.535885,0.520122,0.512395,0.519606,0.509589,0.486421,0.501329,0.525966
4.943911,0.502446,0.502352,0.520031,0.498638,0.550737,0.503699,0.526511,0.491992
4.966570,0.517477,0.466481,0.460791,0.506577,0.505668,0.479684,0.478740,0.464073
4.988655,0.514314,0.473736,0.496934,0.502570,0.521713,0.482794,0.492284,0.505700
5.013448,0.478320,0.496383,0.496949,0.483396,0.504073,0.525385,0.504689,0.497712
5.038243,0.496312,0.510518,0.479417,0.523421,0.451341,0.477400,0.482669,0.483488
5.060255,0.493396,0.477214,0.529292,0.518904,0.452448,0.496536,0.483293,0.498610
5.082544,0.486649,0.472663,0.473188,0.531821,0.524503,0.491412,0.524645,0.519042
5.107333,0.513038,0.489800,0.507624,0.491619,0.480673,0.457139,0.471109,0.489255
5.130912,0.533922,0.490609,0.503176,0.488304,0.493519,0.509911,0.500265,0.516471
5.155659,0.472074,0.457252,0.508298,0.507142,0.479657,0.491808,0.508423,0.515762
5.180431,0.464839,0.461882,0.510589,0.516147,0.509171,0.471987,0.507206,0.477893
5.205218,0.514467,0.523158,0.457964,0.495008,0.500747,0.498018,0.497237,0.514005
5.226549,0.468145,0.487460,0.440292,0.515553,0.543100,0.518369,0.476579,0.550802
5.251386,0.470831,0.531378,0.509559,0.525323,0.474001,0.519001,0.464631,0.479355
5.275315,0.526967,0.517443,0.494683,0.481669,0.508501,0.517014,0.535874,0.499257
5.299182,0.499987,0.516141,0.470106,0.508836,0.473622,0.512199,0.478427,0.474743
5.322555,0.509490,0.489627,0.535321,0.534025,0.493923,0.526240,0.501102,0.514353
5.347280,0.508324,0.518506,0.501554,0.474451,0.519394,0.493836,0.490846,0.485772
5.372027,0.483166,0.507176,0.514751,0.503774,0.514223,0.515147,0.530726,0.519726
5.396818,0.468819,0.508955,0.515561,0.459899,0.522850,0.507283,0.511603,0.517419
5.421590,0.519437,0.516704,0.520414,0.489495,0.486638,0.509562,0.483113,0.493757
5.445217,0.506239,0.504502,0.508016,0.476765,0.480605,0.470843,0.478058,0.482856
5.468345,0.505062,0.506726,0.492304,0.508737,0.487217,0.495851,0.481942,0.481787
5.492371,0.553159,0.512099,0.548815,0.486568,0.497474,0.519012,0.506432,0.458352
5.517151,0.496944,0.525402,0.485410,0.509046,0.457599,0.489798,0.476324,0.530653
5.541935,0.478967,0.465690,0.498259,0.489052,0.494664,0.497238,0.445022,0.485947
5.565404,0.529034,0.518941,0.473646,0.508146,0.476516,0.473367,0.514542,0.576858
5.590166,0.471719,0.478719,0.481364,0.489885,0.476334,0.480715,0.490372,0.501155
5.614927,0.494324,0.496461,0.506484,0.475478,0.498030,0.529253,0.498916,0.498691
5.639765,0.493965,0.501420,0.495573,0.469774,0.510053,0.496055,0.514717,0.513548
5.664518,0.520350,0.513175,0.525098,0.484322,0.514658,0.497490,0.507199,0.486948
5.689022,0.502558,0.498093,0.506344,0.540874,0.501453,0.483951,0.530105,0.517451
5.713731,0.476672,0.501443,0.470718,0.483159,0.487580,0.501021,0.488417,0.518724
5.735225,0.490577,0.461912,0.520225,0.524754,0.514487,0.488336,0.532124,0.513607
5.759711,0.496693,0.506111,0.530525,0.508164,0.502771,0.538345,0.523285,0.490906
5.784105,0.527902,0.508944,0.527557,0.500600,0.515432,0.493557,0.531491,0.505167
5.804263,0.492349,0.497703,0.449566,0.468657,0.465720,0.521090,0.459657,0.497823
5.829035,0.496564,0.520026,0.484817,0.492717,0.491912,0.520734,0.478831,0.493903
5.853783,0.516312,0.521869,0.486957,0.474385,0.527919,0.498631,0.485931,0.514959
5.877418,0.498260,0.497422,0.515314,0.468889,0.491763,0.482561,0.440705,0.467764
5.897606,0.503344,0.519681,0.503474,0.503022,0.504181,0.497597,0.492133,0.499088
5.922392,0.486971,0.465900,0.459505,0.547118,0.554369,0.497207,0.510187,0.489789
5.947189,0.479242,0.505899,0.492595,0.503182,0.529470,0.500069,0.493024,0.502308
5.971973,0.533781,0.472247,0.502103,0.497221,0.511581,0.479968,0.488960,0.487964
5.994563,0.519303,0.498583,0.506374,0.512110,0.505531,0.504438,0.480908,0.465277
6.019245,0.492485,0.502469,0.508789,0.481836,0.537226,0.495674,0.481198,0.486160
6.042542,0.504371,0.527446,0.496243,0.515770,0.511080,0.484895,0.480668,0.516159
6.066351,0.473949,0.498979,0.508102,0.519076,0.491142,0.494273,0.526214,0.485418
6.090301,0.524055,0.486591,0.480806,0.491594,0.560299,0.511004,0.496781,0.507613
6.112017,0.491453,0.498884,0.501834,0.530748,0.480469,0.510927,0.498711,0.490012
6.136859,0.496127,0.524619,0.518577,0.502407,0.502790,0.550865,0.497199,0.474326
6.160401,0.526155,0.532191,0.477311,0.496061,0.504648,0.476449,0.519281,0.530203
6.185128,0.552145,0.473204,0.504208,0.509419,0.486545,0.495686,0.489850,0.525192
6.207989,0.504467,0.497609,0.509064,0.503851,0.443100,0.510068,0.500351,0.490936
6.232769,0.480337,0.492146,0.519481,0.508447,0.504204,0.508936,0.496294,0.530206
6.257546,0.477525,0.469180,0.486545,0.488849,0.488230,0.507205,0.488182,0.506650
6.281013,0.499372,0.483622,0.510219,0.511373,0.517217,0.485358,0.485838,0.498279
6.303891,0.536695,0.458245,0.495607,0.525811,0.487425,0.490587,0.488608,0.494184
6.328679,0.519789,0.485490,0.492539,0.545520,0.524677,0.511415,0.493046,0.519493
6.351850,0.490250,0.469893,0.506498,0.508386,0.479494,0.524677,0.537801,0.493340
6.376646,0.488884,0.488333,0.502610,0.478485,0.497605,0.512946,0.473040,0.506158
6.401354,0.501416,0.514204,0.498692,0.492307,0.481504,0.510438,0.498454,0.491631
6.426118,0.524179,0.466273,0.509049,0.498900,0.496648,0.550424,0.510718,0.508985
6.450086,0.522100,0.471853,0.499171,0.477669,0.501395,0.507457,0.481955,0.522381
6.474642,0.482589,0.490264,0.504022,0.455767,0.532234,0.480118,0.498397,0.516023
6.499413,0.487572,0.494867,0.475559,0.515280,0.496349,0.500640,0.512351,0.538261
6.522532,0.518380,0.533360,0.512129,0.489042,0.518104,0.514104,0.482454,0.527436
6.546838,0.510734,0.478978,0.470862,0.480364,0.471634,0.495424,0.526009,0.479147
6.571612,0.507281,0.531668,0.502825,0.507818,0.487289,0.489897,0.511234,0.473429
6.593128,0.498460,0.540330,0.484484,0.491013,0.511672,0.513975,0.480081,0.501139
6.617193,0.516286,0.509158,0.534685,0.512372,0.485652,0.544780,0.493051,0.471925
6.640317,0.499075,0.516881,0.528699,0.474579,0.489457,0.508476,0.505478,0.510071
6.661253,0.531411,0.506505,0.508791,0.458591,0.506293,0.498185,0.535096,0.491400
6.686039,0.495893,0.513843,0.494514,0.483070,0.522504,0.493345,0.510336,0.510091
6.706446,0.515964,0.505185,0.494667,0.512668,0.506356,0.487841,0.496920,0.488755
6.727494,0.498681,0.518683,0.468491,0.473936,0.484393,0.534475,0.520083,0.472385
6.752278,0.507416,0.488066,0.470815,0.504197,0.498138,0.515759,0.534341,0.483208
6.777053,0.479355,0.477429,0.508237,0.489406,0.480184,0.483763,0.507119,0.494621
6.799574,0.492621,0.531990,0.515982,0.513062,0.532063,0.497127,0.499098,0.532474
6.820998,0.536017,0.507659,0.482809,0.456004,0.477319,0.465752,0.492501,0.525924
6.845703,0.469021,0.544579,0.454828,0.532411,0.505961,0.474374,0.483153,0.515627
6.870460,0.506092,0.480895,0.524479,0.467806,0.466393,0.492862,0.481600,0.503959
6.893060,0.476150,0.493547,0.513942,0.494132,0.495877,0.531580,0.515871,0.500473
6.917844,0.528857,0.511966,0.557047,0.446031,0.499683,0.474686,0.513845,0.504755
6.938543,0.466940,0.480508,0.470966,0.516900,0.491263,0.548632,0.530031,0.515411
6.962988,0.491183,0.507876,0.502550,0.497464,0.452900,0.510720,0.496553,0.521978
6.987771,0.519335,0.556572,0.518621,0.497747,0.516996,0.473454,0.501544,0.488224
7.009556,0.505470,0.499042,0.503144,0.464994,0.456311,0.523302,0.493899,0.519142
7.034346,0.482646,0.522804,0.488196,0.460582,0.482985,0.495594,0.501293,0.497788
7.059119,0.504825,0.505101,0.490879,0.530549,0.520713,0.474730,0.493314,0.494192
7.079929,0.489380,0.494672,0.494728,0.472006,0.488411,0.513894,0.491272,0.456546
7.104714,0.496630,0.486406,0.523063,0.495609,0.537038,0.538692,0.500748,0.487206
7.125272,0.494654,0.508299,0.472973,0.500293,0.496517,0.524770,0.522264,0.495810
7.150016,0.481600,0.493915,0.520765,0.550823,0.477256,0.496740,0.513895,0.514428
7.174776,0.525408,0.476781,0.505128,0.520223,0.465508,0.501153,0.470999,0.517569
7.196147,0.501622,0.492034,0.484461,0.493603,0.493917,0.511496,0.474136,0.516789
7.219216,0.526916,0.491372,0.504813,0.499883,0.478287,0.528824,0.510760,0.493495
7.243292,0.490723,0.512498,0.501775,0.466202,0.501286,0.493311,0.490348,0.493352
7.264195,0.504838,0.501559,0.509356,0.468253,0.523726,0.520864,0.498816,0.483088
7.288391,0.493270,0.501520,0.480649,0.494337,0.529872,0.502041,0.473769,0.485169
7.309174,0.512851,0.490299,0.534909,0.492854,0.509174,0.505731,0.474943,0.480455
7.333954,0.493212,0.475907,0.494649,0.503373,0.475552,0.500801,0.485785,0.534308
7.354866,0.497660,0.469054,0.485600,0.460780,0.508056,0.499159,0.509472,0.470227
7.378232,0.502996,0.497939,0.494402,0.498541,0.489869,0.528038,0.510809,0.507338
7.403010,0.484570,0.476410,0.475425,0.505780,0.545384,0.514740,0.482241,0.508742
7.427102,0.530537,0.517674,0.530798,0.481546,0.499017,0.545628,0.516826,0.520009
7.449508,0.473565,0.507785,0.464385,0.514966,0.502811,0.482201,0.519574,0.529416
7.474276,0.508509,0.486804,0.508613,0.520466,0.500357,0.501526,0.530273,0.512067
7.498098,0.533444,0.486467,0.481392,0.516675,0.467820,0.510312,0.482676,0.525860
7.520979,0.544651,0.473410,0.525242,0.497994,0.517833,0.520574,0.502619,0.499792
7.542634,0.498119,0.507488,0.508279,0.513577,0.475337,0.516444,0.483495,0.485594
7.565763,0.489129,0.532908,0.486245,0.474541,0.480857,0.494570,0.527666,0.504816
7.588614,0.515406,0.490476,0.511796,0.448305,0.471922,0.455495,0.492139,0.502483
7.613402,0.448412,0.526645,0.487744,0.488057,0.482097,0.527426,0.516187,0.485374
7.638210,0.537405,0.459713,0.480171,0.514810,0.496037,0.467404,0.507883,0.496791
7.662946,0.500329,0.521643,0.445240,0.513987,0.535353,0.507360,0.495751,0.524036
7.684720,0.487763,0.488291,0.497395,0.490661,0.498872,0.522038,0.466206,0.457347
7.708113,0.472956,0.498320,0.509958,0.489101,0.503305,0.470070,0.472523,0.503862
7.730216,0.507806,0.489654,0.509636,0.461150,0.495094,0.492205,0.515872,0.511505
7.754962,0.499757,0.489883,0.490022,0.511027,0.543344,0.485116,0.500855,0.506246
7.779725,0.491974,0.500107,0.491257,0.492889,0.457192,0.493606,0.483573,0.495628
7.804539,0.486940,0.486298,0.482370,0.478592,0.531258,0.535708,0.499255,0.495737
7.827491,0.481221,0.502170,0.522674,0.515929,0.481910,0.485285,0.510965,0.497919
7.852524,0.517721,0.467001,0.478257,0.480518,0.476682,0.488679,0.508693,0.486612
7.877026,0.491541,0.485215,0.457019,0.470748,0.482337,0.500077,0.542477,0.469754
7.898486,0.483423,0.529499,0.534854,0.528823,0.501501,0.538491,0.501122,0.505769
7.923249,0.506540,0.482732,0.511044,0.507579,0.506440,0.508384,0.501061,0.512184
7.948016,0.476254,0.521341,0.492983,0.488217,0.509378,0.516726,0.517349,0.488844
7.969793,0.495277,0.542563,0.477178,0.462643,0.517702,0.482131,0.509833,0.502907
7.994570,0.487912,0.501307,0.533982,0.520387,0.474885,0.481360,0.449783,0.466488
8.016453,0.487031,0.520731,0.507401,0.498127,0.491726,0.507707,0.527884,0.529619
8.041232,0.472312,0.497038,0.547245,0.517393,0.473616,0.517512,0.484323,0.509268
8.066024,0.500196,0.508417,0.498482,0.510212,0.498922,0.481067,0.503854,0.472198
8.090816,0.496746,0.505659,0.526391,0.480172,0.476888,0.509430,0.510656,0.486801
8.114340,0.521030,0.540553,0.477227,0.526141,0.487165,0.494128,0.519352,0.495293
8.134531,0.483527,0.545527,0.467269,0.555889,0.513141,0.473104,0.524992,0.522864
8.159074,0.477892,0.501808,0.486918,0.510697,0.500114,0.482187,0.502927,0.541561
8.181273,0.507589,0.499470,0.509049,0.508095,0.505981,0.529875,0.491384,0.504573
8.206056,0.489329,0.463505,0.493973,0.510916,0.496348,0.495041,0.491566,0.532128
8.228308,0.460634,0.516802,0.490546,0.494288,0.493499,0.501361,0.470699,0.517916
8.250669,0.519076,0.462313,0.467882,0.508192,0.454498,0.482149,0.548137,0.478628
8.274727,0.504248,0.472820,0.509243,0.514927,0.488170,0.508692,0.511231,0.495421
8.299506,0.531535,0.496156,0.542202,0.499935,0.465829,0.498832,0.507443,0.495487
8.320595,0.473260,0.542283,0.495272,0.490104,0.530747,0.506221,0.507410,0.481687
8.343792,0.494848,0.510491,0.518358,0.483188,0.506323,0.520642,0.527390,0.514895
8.368549,0.501225,0.504327,0.494375,0.502937,0.504524,0.495705,0.499425,0.474548
8.393308,0.508859,0.488370,0.504741,0.503220,0.517063,0.492548,0.477090,0.483520
8.416432,0.488210,0.501290,0.483258,0.443246,0.497378,0.504311,0.482451,0.436852
8.441215,0.511815,0.498102,0.503341,0.506818,0.486113,0.474302,0.478994,0.526129
8.465947,0.479664,0.513239,0.483081,0.509816,0.499546,0.510490,0.493443,0.500416
8.490221,0.493471,0.488947,0.479005,0.520603,0.502399,0.470884,0.488256,0.493190
8.514966,0.521827,0.525329,0.526161,0.500434,0.485313,0.476112,0.500484,0.518004
8.539775,0.518427,0.530305,0.449508,0.472051,0.491156,0.505943,0.491739,0.488945
8.561459,0.504122,0.489474,0.498179,0.487433,0.511376,0.524276,0.503601,0.480585
8.586348,0.508518,0.524131,0.515974,0.505771,0.522639,0.501054,0.509302,0.499259
8.611118,0.506623,0.479809,0.497500,0.481932,0.518377,0.520931,0.501904,0.462510
8.632806,0.498259,0.500305,0.466363,0.485062,0.463212,0.540692,0.484247,0.461009
8.655853,0.493202,0.495952,0.481151,0.497750,0.535446,0.536879,0.473475,0.510610
8.676290,0.468778,0.473560,0.474956,0.488232,0.487955,0.503743,0.475561,0.515025
8.698483,0.507377,0.494323,0.476063,0.522032,0.473668,0.507222,0.499725,0.537112
8.723270,0.501123,0.518650,0.490045,0.485030,0.468443,0.529485,0.493352,0.479063
8.747979,0.508468,0.504517,0.467990,0.479407,0.483274,0.471647,0.530887,0.509092
8.770411,0.469527,0.507697,0.469651,0.532582,0.515124,0.503866,0.478882,0.512276
8.794573,0.489713,0.506451,0.512898,0.513117,0.522367,0.488894,0.492834,0.477255
8.817416,0.458996,0.485530,0.488492,0.503651,0.548759,0.490134,0.507764,0.504025
8.841178,0.482012,0.488906,0.522622,0.510543,0.539122,0.508016,0.481529,0.501348
8.865591,0.465004,0.523391,0.485304,0.517854,0.481293,0.482640,0.524435,0.453866
8.889225,0.524738,0.510157,0.515924,0.506985,0.496257,0.526506,0.513234,0.485578
8.913841,0.513615,0.516939,0.538814,0.521364,0.481211,0.489069,0.512117,0.505309
8.938548,0.508713,0.462463,0.498123,0.487687,0.500647,0.467537,0.470104,0.543718
8.963440,0.495844,0.501352,0.496922,0.502941,0.482720,0.511331,0.481135,0.529604
8.988166,0.496410,0.467618,0.473899,0.524657,0.476123,0.501842,0.465153,0.478583
9.008264,0.493953,0.483275,0.494974,0.515589,0.516836,0.522173,0.502868,0.501877
9.032822,0.458005,0.502599,0.513706,0.501552,0.492058,0.483424,0.516097,0.512692
9.057029,0.479344,0.482376,0.494343,0.482186,0.503869,0.471617,0.503503,0.493622
9.081903,0.534184,0.489683,0.491185,0.519133,0.478003,0.493535,0.503918,0.498016
9.104299,0.490685,0.497597,0.504870,0.495782,0.530596,0.497016,0.486582,0.485078
9.127954,0.507978,0.483354,0.533878,0.470223,0.518454,0.502747,0.466799,0.525115
9.151598,0.499658,0.527974,0.486644,0.461185,0.516920,0.522372,0.471121,0.486101
9.173259,0.517585,0.518621,0.509656,0.500549,0.526091,0.478363,0.498195,0.477985
9.198038,0.508093,0.504996,0.469371,0.509804,0.528479,0.500813,0.458358,0.510893
9.218735,0.490196,0.502689,0.516506,0.496485,0.483532,0.494878,0.514624,0.514451
9.242393,0.536914,0.465077,0.503890,0.494703,0.507499,0.520729,0.495720,0.508362
9.267186,0.492154,0.464767,0.545314,0.506383,0.497102,0.486972,0.534595,0.497415
9.291963,0.492902,0.472706,0.503835,0.464470,0.485143,0.512443,0.558351,0.517949
9.314437,0.522306,0.482485,0.528611,0.520401,0.485518,0.493790,0.542485,0.525803
9.338497,0.515150,0.471561,0.482430,0.527628,0.500236,0.463281,0.519423,0.435447
9.360242,0.519541,0.514071,0.498444,0.494620,0.457575,0.496946,0.453833,0.504626
9.382086,0.485627,0.486147,0.526548,0.531341,0.522284,0.510129,0.524538,0.478679
9.406857,0.539520,0.457070,0.493367,0.517633,0.503717,0.454407,0.522844,0.489358
9.431065,0.502380,0.490329,0.517283,0.506330,0.481432,0.497128,0.480472,0.509190
9.455837,0.467527,0.505826,0.510758,0.495714,0.482003,0.493706,0.507030,0.466385
9.477525,0.503556,0.508417,0.494338,0.493905,0.516186,0.467957,0.501130,0.472528
9.502292,0.498619,0.488117,0.499777,0.510407,0.511678,0.507315,0.539825,0.499822
9.527071,0.492762,0.473855,0.471621,0.512566,0.529554,0.505187,0.525505,0.532050
9.551844,0.534549,0.506255,0.482241,0.488872,0.502395,0.508825,0.506385,0.530932
9.576622,0.477712,0.522426,0.502895,0.493924,0.486487,0.503423,0.459871,0.493813
9.601354,0.518108,0.511868,0.504296,0.496633,0.455948,0.476264,0.511347,0.465182
9.624610,0.488458,0.505427,0.518696,0.479878,0.474186,0.508786,0.489818,0.552543
9.649362,0.514049,0.471514,0.481416,0.518407,0.525837,0.492864,0.525974,0.514764
9.672334,0.471941,0.502775,0.509803,0.509139,0.527360,0.507382,0.534483,0.484728
9.695887,0.502679,0.544983,0.511189,0.516702,0.478718,0.490186,0.513787,0.534849
9.716915,0.486890,0.472205,0.483263,0.515541,0.506974,0.488772,0.494671,0.486086
9.737404,0.494722,0.490128,0.523245,0.470136,0.537576,0.515714,0.520115,0.519727
9.761035,0.501526,0.508571,0.471101,0.477465,0.495510,0.524321,0.509534,0.516021
9.785805,0.518602,0.491297,0.520011,0.494850,0.505567,0.503024,0.508465,0.473705
9.808361,0.498061,0.480325,0.503453,0.508445,0.489895,0.536547,0.516494,0.502631
9.830284,0.501939,0.487663,0.511776,0.503107,0.485255,0.477240,0.505484,0.503322
9.855037,0.529632,0.486839,0.513440,0.521247,0.478664,0.518588,0.511320,0.502295
9.879807,0.498347,0.466457,0.561123,0.511802,0.515865,0.491145,0.484317,0.505423
9.903846,0.487800,0.497839,0.507883,0.486994,0.498443,0.506160,0.500642,0.479321
9.927263,0.513882,0.489574,0.532731,0.481051,0.510667,0.498867,0.542534,0.512955
9.951985,0.467201,0.502574,0.489341,0.506751,0.483445,0.481645,0.498540,0.507896
9.976153,0.507847,0.538673,0.472288,0.549181,0.518019,0.526350,0.535145,0.491540
10.000871,0.502740,0.514764,0.524764,0.499788,0.443922,0.512678,0.462079,0.533851
10.023443,0.521565,0.519809,0.486737,0.514821,0.493931,0.516598,0.512335,0.501435
10.046441,0.477770,0.525062,0.542672,0.466855,0.499528,0.487554,0.478153,0.469028
10.066550,0.490391,0.506218,0.512024,0.520636,0.490420,0.513756,0.486207,0.530085
10.090500,0.511224,0.494683,0.503650,0.526524,0.511625,0.507120,0.541174,0.503656
10.115268,0.506675,0.513501,0.479179,0.499593,0.485824,0.471022,0.499817,0.519884
10.138546,0.506720,0.489248,0.503639,0.482525,0.478745,0.495370,0.476543,0.484336
10.162984,0.500472,0.524585,0.491801,0.499176,0.465052,0.503487,0.480315,0.515033
10.187745,0.534926,0.452995,0.483717,0.512488,0.522799,0.514846,0.492460,0.505559
10.212524,0.494498,0.505462,0.471310,0.492752,0.522322,0.511792,0.496944,0.473629
10.235313,0.496333,0.520804,0.511010,0.481022,0.510465,0.496224,0.465215,0.512277
10.256893,0.515685,0.509600,0.495512,0.507291,0.511566,0.519282,0.511826,0.494876
10.281666,0.511780,0.508683,0.498681,0.496839,0.500711,0.524159,0.521416,0.517425
10.306279,0.482590,0.526088,0.470124,0.530785,0.504679,0.499385,0.503049,0.518758
10.328207,0.494279,0.508792,0.496555,0.518766,0.511844,0.498342,0.474052,0.512851
10.352970,0.506844,0.488069,0.500976,0.510395,0.504188,0.523943,0.520854,0.460408
10.373170,0.509816,0.447841,0.454442,0.505903,0.487939,0.535653,0.526949,0.460669
10.396774,0.490694,0.458894,0.535208,0.465554,0.468049,0.498017,0.527132,0.487343
10.421546,0.532683,0.483955,0.492068,0.498942,0.479128,0.517673,0.517533,0.530070
10.442781,0.495035,0.499224,0.548110,0.491325,0.470642,0.498931,0.508686,0.472262
10.466488,0.495688,0.493388,0.488947,0.485639,0.495440,0.491262,0.539265,0.514795
10.490544,0.534249,0.500437,0.503284,0.476389,0.514090,0.507688,0.500807,0.495185
10.515320,0.485881,0.485390,0.503158,0.495129,0.489883,0.497972,0.490635,0.503542
10.536621,0.503128,0.464997,0.520053,0.504512,0.524623,0.483637,0.511625,0.532098
10.561234,0.513559,0.506270,0.471955,0.518896,0.491896,0.478860,0.474573,0.507030
10.582650,0.523418,0.487977,0.514127,0.555350,0.496808,0.537870,0.518736,0.505758
10.607405,0.494390,0.519513,0.514481,0.480445,0.514568,0.484765,0.492694,0.500825
10.627541,0.472322,0.487282,0.469735,0.519895,0.543236,0.504552,0.493627,0.488578
10.652307,0.500547,0.489192,0.488040,0.490862,0.498320,0.531735,0.489874,0.507426
10.675693,0.485554,0.508872,0.518603,0.486233,0.548199,0.504502,0.528314,0.493157
10.698213,0.486214,0.537092,0.491084,0.524693,0.504501,0.507601,0.478467,0.500823
10.723013,0.513570,0.454047,0.476400,0.512520,0.455587,0.517701,0.508118,0.519580
10.747759,0.474142,0.498548,0.509711,0.468502,0.458158,0.511817,0.518060,0.533776
10.770290,0.511080,0.487169,0.501286,0.533769,0.513822,0.461532,0.481741,0.485908
10.793276,0.502326,0.538802,0.520730,0.493141,0.521478,0.505703,0.529401,0.507952
10.818047,0.478219,0.508542,0.497307,0.499566,0.487258,0.501066,0.505422,0.511463
10.842777,0.470913,0.479405,0.506413,0.516595,0.501893,0.509609,0.523795,0.497369
10.866108,0.520554,0.503508,0.503809,0.513030,0.502137,0.506179,0.491526,0.474262
10.890883,0.528300,0.509677,0.522076,0.506461,0.496165,0.503995,0.517674,0.499808
10.915634,0.493356,0.476654,0.458056,0.495916,0.504535,0.508747,0.513622,0.495359
10.938133,0.515189,0.489830,0.507676,0.524942,0.484840,0.486682,0.506318,0.498358
10.962887,0.523144,0.528991,0.511362,0.542063,0.514792,0.522496,0.491742,0.506871
10.987655,0.504394,0.534848,0.529169,0.518951,0.504353,0.507245,0.527749,0.536643
11.009548,0.475426,0.442387,0.497989,0.529455,0.525034,0.496243,0.479015,0.466519
11.034328,0.521370,0.491542,0.510803,0.474823,0.498264,0.504000,0.458728,0.498470
11.058418,0.486732,0.463925,0.520664,0.497178,0.525331,0.472630,0.518545,0.528761
11.083150,0.485991,0.503829,0.554672,0.494817,0.493656,0.487106,0.510241,0.503203
11.106121,0.530372,0.493497,0.500744,0.490909,0.511181,0.472153,0.478653,0.536970
11.127740,0.480916,0.485845,0.516211,0.488471,0.486492,0.493437,0.502142,0.516436
11.148310,0.490755,0.488894,0.503449,0.500098,0.462796,0.517084,0.507321,0.526144
11.171036,0.517624,0.521743,0.510205,0.514551,0.465159,0.535389,0.533601,0.505214
11.194355,0.491519,0.487157,0.508949,0.492583,0.484840,0.526730,0.462238,0.492113
11.219129,0.506853,0.476944,0.459887,0.510429,0.500578,0.523211,0.516756,0.486817
11.242492,0.489488,0.496729,0.499091,0.468212,0.485905,0.512819,0.494471,0.515074
11.266057,0.493396,0.506260,0.516537,0.511568,0.523573,0.497463,0.497994,0.506849
11.290488,0.495660,0.514019,0.499746,0.517116,0.536539,0.489744,0.525964,0.493136
11.312932,0.487695,0.507232,0.570585,0.511669,0.499572,0.502761,0.491960,0.494022
11.337730,0.491240,0.494839,0.491437,0.476960,0.524753,0.506717,0.468047,0.493605
11.362053,0.492848,0.509226,0.478739,0.484388,0.535231,0.555977,0.493067,0.521528
11.386814,0.533648,0.521199,0.483359,0.510062,0.517329,0.489684,0.497216,0.515155
11.408182,0.529121,0.465360,0.511346,0.523206,0.471027,0.488451,0.524357,0.453545
11.432938,0.511135,0.538607,0.483967,0.477470,0.501651,0.513642,0.508063,0.494014
11.454265,0.484037,0.515267,0.522360,0.486422,0.494582,0.498419,0.487422,0.464507
11.478975,0.496769,0.482243,0.517145,0.501776,0.500526,0.480382,0.476739,0.478886
11.503699,0.512888,0.507921,0.506623,0.481903,0.512900,0.480884,0.474372,0.513459
11.528454,0.508574,0.523620,0.455541,0.492216,0.524157,0.527079,0.516386,0.501709
11.551809,0.554435,0.511607,0.499384,0.497729,0.478620,0.469894,0.475750,0.492149
11.576586,0.482749,0.475164,0.486788,0.473774,0.496760,0.490494,0.498308,0.497909
11.601344,0.544364,0.513193,0.519478,0.505070,0.464547,0.538200,0.500461,0.474427
11.626128,0.475404,0.501310,0.439811,0.500820,0.503367,0.482344,0.504740,0.483351
11.647811,0.521092,0.533212,0.484519,0.507860,0.453755,0.468062,0.498060,0.533983
11.672595,0.531338,0.491371,0.469234,0.522853,0.478372,0.495258,0.516601,0.518876
11.697241,0.489134,0.479534,0.464758,0.501923,0.531755,0.513649,0.451328,0.493992
11.720868,0.487419,0.492474,0.508569,0.503908,0.511449,0.519208,0.487348,0.474451
11.742691,0.497051,0.505740,0.493605,0.487186,0.553494,0.503408,0.491219,0.518319
11.763484,0.530627,0.524417,0.512750,0.486202,0.474130,0.469034,0.477697,0.491502
11.788279,0.508200,0.513142,0.535189,0.483085,0.531718,0.459674,0.493837,0.468075
11.810719,0.502230,0.454865,0.484339,0.507451,0.510938,0.514680,0.482778,0.513835
11.835090,0.493994,0.533449,0.502521,0.501940,0.533763,0.502331,0.516540,0.510824
11.858495,0.509937,0.526666,0.513301,0.499335,0.494243,0.499804,0.521527,0.506748
11.883257,0.540943,0.489904,0.479636,0.520392,0.508261,0.502968,0.482418,0.504588
11.906833,0.470407,0.477309,0.512312,0.496201,0.520184,0.516807,0.507888,0.473827
11.931543,0.460570,0.480592,0.502850,0.471785,0.501622,0.468462,0.542569,0.503053
11.954822,0.502284,0.496347,0.506138,0.476515,0.507955,0.504987,0.489414,0.502076
11.979599,0.525604,0.512665,0.504116,0.513962,0.519872,0.487480,0.518002,0.492632
12.002836,0.488092,0.509087,0.520353,0.484455,0.514995,0.512115,0.531412,0.492292
12.023845,0.486273,0.498287,0.522704,0.519152,0.499897,0.484665,0.488471,0.481615
12.048238,0.458262,0.495452,0.509862,0.504411,0.501760,0.505874,0.513490,0.499999
12.072207,0.482643,0.510616,0.484516,0.501065,0.509627,0.478711,0.513897,0.484547
12.096982,0.507705,0.543894,0.500486,0.521089,0.536938,0.478190,0.521954,0.476967
12.120772,0.473360,0.517781,0.521488,0.476074,0.495893,0.538766,0.465397,0.503957
12.145494,0.502986,0.503909,0.518770,0.490933,0.498468,0.488076,0.499465,0.526143
12.170313,0.473760,0.479160,0.463890,0.504288,0.512936,0.476695,0.435372,0.511740
12.194902,0.503617,0.515554,0.476885,0.544081,0.497648,0.482320,0.508661,0.518493
12.219687,0.498454,0.501593,0.489889,0.491564,0.518028,0.499163,0.490485,0.508317
12.242430,0.502993,0.494885,0.498526,0.499486,0.497269,0.501430,0.520203,0.471807
12.262734,0.498022,0.525412,0.526254,0.506454,0.502844,0.498590,0.526583,0.533743
12.287482,0.496053,0.517856,0.505044,0.461222,0.515033,0.496462,0.475684,0.486024
12.308297,0.508572,0.513391,0.514689,0.496963,0.497869,0.525301,0.503409,0.484501
12.330531,0.498544,0.541713,0.514081,0.478404,0.494410,0.510473,0.484047,0.477869
12.354859,0.499781,0.483983,0.488707,0.463413,0.471018,0.498060,0.507996,0.500660
12.378536,0.517648,0.510762,0.515390,0.508652,0.512519,0.470614,0.518484,0.512807
12.403295,0.483840,0.498244,0.492732,0.507307,0.525053,0.497628,0.492225,0.529540
12.428069,0.505118,0.522691,0.466853,0.488889,0.479853,0.500372,0.489841,0.477801
12.452842,0.481567,0.477352,0.499982,0.493353,0.501974,0.499788,0.493401,0.522737
12.474995,0.485436,0.482551,0.476551,0.462096,0.512421,0.493726,0.482428,0.468815
12.498481,0.508344,0.481306,0.462450,0.498411,0.479637,0.501841,0.495702,0.512116
12.523236,0.499533,0.502736,0.488898,0.507212,0.484980,0.519410,0.522721,0.500557
12.545803,0.501828,0.537442,0.525036,0.489922,0.515847,0.490136,0.450730,0.522570
12.570582,0.521591,0.514568,0.521268,0.527797,0.529960,0.538767,0.496411,0.490823
12.592800,0.460816,0.478189,0.482896,0.484549,0.508865,0.531920,0.485264,0.518994
12.617498,0.482954,0.524272,0.468095,0.472229,0.520242,0.491477,0.482859,0.517304
12.642397,0.492778,0.521905,0.487440,0.498226,0.483406,0.510098,0.477962,0.501163
12.667127,0.501430,0.503520,0.507544,0.469706,0.480149,0.500936,0.486008,0.467415
12.690375,0.506663,0.477287,0.517636,0.504731,0.460496,0.522951,0.498346,0.498111
12.714481,0.504785,0.509048,0.493741,0.482943,0.515004,0.517563,0.506846,0.489269
12.738431,0.490315,0.516801,0.487319,0.498406,0.501475,0.466037,0.523480,0.505257
12.763075,0.489691,0.491632,0.534412,0.474241,0.505432,0.500702,0.535895,0.501343
12.787941,0.508925,0.537313,0.519255,0.497687,0.489549,0.428433,0.515426,0.466120
12.812667,0.520315,0.508659,0.493176,0.483159,0.518688,0.502815,0.478356,0.468512
12.833346,0.529840,0.499105,0.496737,0.498802,0.504547,0.499825,0.497613,0.483470
12.857995,0.475942,0.475943,0.512916,0.530362,0.527903,0.501717,0.518100,0.453666
12.878506,0.501118,0.535527,0.500690,0.486420,0.515409,0.498368,0.489047,0.472041
12.901092,0.541040,0.501300,0.510553,0.518571,0.524324,0.508012,0.488646,0.458218
12.926013,0.485481,0.511931,0.519238,0.488792,0.519127,0.499963,0.519847,0.493084
12.949119,0.470735,0.517953,0.497269,0.464812,0.467148,0.521882,0.500725,0.485330
12.970537,0.478631,0.487903,0.482749,0.521062,0.515068,0.489704,0.516103,0.492988
12.994203,0.478729,0.511320,0.491323,0.493353,0.514091,0.494804,0.495708,0.496333
13.016496,0.474562,0.495092,0.504545,0.479741,0.471447,0.520421,0.492593,0.448754
13.041272,0.515212,0.528002,0.520248,0.486667,0.484935,0.517819,0.510937,0.551906
13.065890,0.495767,0.469428,0.517277,0.521477,0.491922,0.526851,0.534120,0.491786
13.090674,0.474050,0.471770,0.487092,0.520071,0.515429,0.503556,0.516543,0.476711
13.112499,0.505511,0.493035,0.492753,0.519137,0.494055,0.467366,0.454785,0.469577
13.137291,0.480569,0.532675,0.481533,0.511599,0.494213,0.523459,0.506925,0.496502
13.162087,0.499613,0.498449,0.495908,0.498208,0.487221,0.489914,0.469278,0.574084
13.183660,0.529603,0.512251,0.496644,0.477458,0.493199,0.487846,0.498572,0.473376
13.208417,0.464877,0.487185,0.510461,0.529009,0.517371,0.460625,0.479439,0.502137
13.233195,0.524035,0.475041,0.471386,0.484748,0.510575,0.473722,0.506738,0.486758
13.256424,0.540462,0.496632,0.522105,0.484847,0.539217,0.503138,0.495255,0.486000
13.281209,0.482466,0.505634,0.511322,0.520447,0.484056,0.494286,0.509348,0.489055
13.303113,0.481915,0.477046,0.493589,0.471784,0.501338,0.478276,0.494100,0.490175
13.325440,0.525162,0.484620,0.484960,0.515800,0.517939,0.515322,0.472118,0.517832
13.349733,0.524696,0.488392,0.537979,0.479585,0.531522,0.474878,0.532794,0.514429
13.370459,0.517499,0.485151,0.490025,0.476148,0.492819,0.505064,0.483449,0.491409
13.395231,0.461690,0.483101,0.481868,0.560769,0.483023,0.507312,0.482919,0.510629
13.415987,0.510643,0.496602,0.479818,0.510512,0.504632,0.501157,0.508814,0.491456
13.440762,0.474525,0.521547,0.508396,0.467953,0.514280,0.503946,0.477311,0.492016
13.464828,0.498019,0.522439,0.492932,0.517431,0.520355,0.496066,0.542064,0.508136
13.487770,0.493940,0.495246,0.538475,0.525367,0.475599,0.458725,0.512604,0.483118
13.512542,0.477764,0.506735,0.477914,0.459260,0.474984,0.493831,0.477819,0.508377
13.537334,0.507266,0.449759,0.533644,0.533116,0.514697,0.541919,0.487370,0.519584
13.562107,0.488770,0.524081,0.490914,0.486015,0.520173,0.521583,0.510411,0.498171
13.586870,0.495644,0.521013,0.476307,0.533470,0.534519,0.498882,0.510250,0.490948
13.611621,0.492745,0.479095,0.494607,0.487346,0.515590,0.514275,0.489772,0.491114
13.634164,0.522388,0.457813,0.523661,0.515175,0.520498,0.475055,0.544777,0.492803
13.658470,0.529087,0.478775,0.484697,0.500749,0.524879,0.486987,0.459934,0.501433
13.682912,0.459184,0.468310,0.488354,0.484019,0.502622,0.489628,0.499358,0.488766
13.707211,0.509957,0.487215,0.502285,0.486094,0.468862,0.491173,0.513637,0.506027
13.732000,0.495194,0.536470,0.484932,0.490204,0.510425,0.472330,0.511946,0.455623
13.755968,0.510336,0.511301,0.530920,0.447563,0.500849,0.535119,0.486233,0.477958
13.780736,0.493210,0.508330,0.513226,0.500605,0.503669,0.486202,0.502115,0.520851
13.805526,0.482961,0.544204,0.490707,0.500095,0.478810,0.496513,0.464005,0.487603
13.828883,0.482382,0.486763,0.507165,0.506330,0.486725,0.489688,0.521126,0.462032
13.851274,0.511139,0.526028,0.503361,0.505435,0.530189,0.507206,0.493005,0.507448
13.874160,0.504868,0.487102,0.493707,0.479471,0.484281,0.501293,0.487700,0.499891
13.898438,0.501804,0.530652,0.505561,0.516382,0.483153,0.474791,0.519779,0.491772
13.923223,0.494698,0.486965,0.479118,0.503474,0.473437,0.500437,0.491237,0.491342
13.946429,0.501206,0.501203,0.491737,0.504715,0.480043,0.531504,0.505648,0.507772
13.969439,0.493721,0.496655,0.459017,0.479058,0.485630,0.525218,0.461997,0.518777
13.993535,0.517403,0.503121,0.461784,0.508037,0.475363,0.486618,0.467687,0.489820
14.018305,0.481783,0.482344,0.491934,0.483868,0.500583,0.485627,0.488719,0.504063
14.042497,0.486997,0.475583,0.476548,0.465658,0.481444,0.527998,0.519992,0.489732
14.064715,0.475168,0.509913,0.525033,0.502907,0.502031,0.533538,0.466015,0.520143
14.087351,0.493509,0.497569,0.457172,0.476345,0.487140,0.486247,0.523608,0.475049
14.111882,0.488647,0.490935,0.500020,0.488656,0.512192,0.508590,0.472480,0.537295
14.136664,0.440168,0.506879,0.513083,0.479017,0.464106,0.484662,0.507199,0.511205
14.160113,0.499852,0.521827,0.519044,0.483587,0.506988,0.491204,0.489740,0.498493
14.184890,0.477195,0.508549,0.478926,0.492301,0.493058,0.529851,0.480374,0.536114
14.209677,0.502989,0.490799,0.495146,0.521216,0.499205,0.515642,0.501215,0.524440
14.234428,0.515516,0.514719,0.543199,0.542938,0.521324,0.488832,0.473218,0.491504
14.256189,0.509557,0.505705,0.496536,0.514924,0.482855,0.481398,0.520717,0.486410
14.278309,0.478786,0.500782,0.495852,0.525462,0.495216,0.536763,0.462896,0.522981
14.303079,0.493328,0.493173,0.465833,0.507067,0.466246,0.494919,0.454612,0.544683
14.327826,0.540507,0.507663,0.503454,0.499021,0.513425,0.507485,0.474376,0.443370
14.351805,0.509779,0.500204,0.490210,0.502488,0.504658,0.505100,0.548070,0.493940
14.376569,0.510998,0.525987,0.498040,0.485757,0.506886,0.522291,0.518263,0.513052
14.399828,0.525909,0.555063,0.525601,0.503820,0.505682,0.503917,0.487714,0.498707
14.424607,0.463965,0.487972,0.533072,0.509227,0.502270,0.511138,0.492150,0.522864
14.449395,0.480396,0.507275,0.552603,0.488015,0.511744,0.509207,0.514125,0.480547
14.471447,0.481981,0.479152,0.534015,0.520647,0.494520,0.493921,0.516501,0.505540
14.492351,0.468117,0.515832,0.507308,0.508878,0.540812,0.549269,0.521677,0.514672
14.517119,0.493684,0.445323,0.489748,0.510744,0.515967,0.486896,0.511801,0.525991
14.540058,0.489524,0.470090,0.495863,0.517822,0.519441,0.506888,0.489422,0.488284
14.562858,0.519094,0.510099,0.531221,0.514981,0.488843,0.539539,0.512207,0.478649
14.586444,0.524448,0.463067,0.515555,0.460942,0.475725,0.520677,0.462846,0.529248
14.611228,0.510460,0.483881,0.506991,0.483221,0.495805,0.489852,0.488066,0.531213
14.633212,0.518227,0.504718,0.504154,0.511868,0.513899,0.462045,0.522203,0.497486
14.658126,0.516999,0.480372,0.489744,0.485028,0.521544,0.515045,0.501095,0.512754
14.682504,0.499167,0.475176,0.540815,0.525020,0.476607,0.500079,0.516095,0.516730
14.707218,0.469028,0.522495,0.529930,0.507545,0.470102,0.441219,0.478000,0.490136
14.729172,0.512311,0.518708,0.492740,0.507642,0.494241,0.523067,0.504364,0.471478
14.754388,0.486863,0.495733,0.470708,0.502148,0.452437,0.513772,0.501568,0.517625
14.778439,0.504091,0.503004,0.505319,0.501330,0.482752,0.521150,0.528307,0.517619
14.801641,0.479159,0.502488,0.521281,0.458806,0.498296,0.511704,0.479793,0.504329
14.826025,0.525725,0.473908,0.509672,0.527999,0.501683,0.513592,0.502587,0.508603
14.850351,0.522711,0.534924,0.483942,0.493847,0.550875,0.479392,0.482015,0.500856
14.874420,0.512446,0.498540,0.485175,0.517307,0.504096,0.502087,0.487720,0.458485
14.894707,0.534250,0.498822,0.556043,0.493501,0.524364,0.475588,0.505196,0.498721
14.916473,0.540605,0.511075,0.509366,0.468435,0.480693,0.478916,0.520552,0.497656
14.941234,0.483488,0.517175,0.532533,0.503318,0.512737,0.481000,0.479802,0.525109
14.966008,0.476521,0.508473,0.465763,0.540431,0.514058,0.505339,0.529741,0.524493
14.990940,0.533438,0.479414,0.502969,0.480156,0.478529,0.518609,0.483400,0.498749
15.015763,0.498180,0.519770,0.504488,0.508061,0.483767,0.495539,0.509837,0.504390
15.037568,0.518506,0.514816,0.509096,0.470652,0.485913,0.502731,0.490648,0.498330
15.061160,0.505516,0.458978,0.511238,0.474865,0.534612,0.531325,0.501391,0.497202
15.085950,0.468502,0.523266,0.506467,0.532673,0.469429,0.498496,0.505115,0.511297
15.110740,0.543004,0.517985,0.514320,0.493304,0.524421,0.496702,0.484226,0.487518
15.135209,0.510953,0.495490,0.545199,0.485521,0.521959,0.500955,0.529642,0.478706
15.155658,0.483711,0.503841,0.496809,0.519749,0.479186,0.510774,0.508987,0.509324
15.178419,0.477057,0.478435,0.509342,0.498293,0.515107,0.489870,0.484367,0.467655
15.202916,0.487200,0.487400,0.468027,0.495698,0.479133,0.496896,0.487719,0.519742
15.226436,0.500462,0.499319,0.554273,0.498143,0.511258,0.506942,0.506468,0.513790
15.251213,0.524516,0.481336,0.493756,0.506449,0.454593,0.500675,0.484941,0.513502
15.276023,0.495546,0.512003,0.491331,0.504615,0.507737,0.507940,0.512509,0.476579
15.299037,0.496964,0.499740,0.543579,0.537580,0.478190,0.524511,0.507815,0.479312
15.323835,0.497189,0.534669,0.490302,0.507022,0.503113,0.491941,0.514373,0.513081
15.348034,0.458872,0.500877,0.468541,0.486775,0.551358,0.491308,0.496996,0.547386
15.372809,0.501622,0.504680,0.515866,0.516416,0.503849,0.477545,0.512810,0.506594
15.397587,0.492907,0.497215,0.509517,0.534975,0.519329,0.494241,0.502946,0.506476
15.422369,0.519207,0.537870,0.488626,0.529742,0.459143,0.507693,0.531635,0.525429
15.447211,0.482276,0.464912,0.520036,0.542510,0.519224,0.489390,0.493969,0.540840
15.471549,0.425195,0.497664,0.451934,0.516554,0.500665,0.457392,0.487254,0.513327
15.494646,0.488408,0.463203,0.477605,0.502178,0.504305,0.501400,0.522805,0.510733
15.516458,0.515042,0.476535,0.481394,0.484160,0.489889,0.485530,0.485864,0.535548
15.541142,0.515163,0.493099,0.475325,0.493909,0.529932,0.505616,0.506514,0.492274
15.565919,0.497654,0.507444,0.494359,0.497875,0.487073,0.485372,0.511583,0.492116
15.588586,0.456754,0.516192,0.533576,0.519675,0.518722,0.495728,0.494226,0.489372
15.613371,0.509973,0.493222,0.518707,0.523877,0.491225,0.466208,0.541596,0.504389
15.637083,0.513191,0.537916,0.453181,0.505832,0.508441,0.492689,0.498825,0.503147
15.661957,0.514603,0.494261,0.483692,0.514422,0.526903,0.515787,0.525736,0.496067
15.685715,0.484064,0.506916,0.519052,0.466152,0.523551,0.481950,0.494006,0.504957
15.710495,0.507707,0.455101,0.492140,0.489530,0.510963,0.469145,0.485917,0.521188
15.735281,0.477637,0.502342,0.526451,0.523381,0.481873,0.542367,0.511749,0.502482
15.760074,0.523000,0.528906,0.487376,0.483215,0.507784,0.474183,0.555083,0.503653
15.784792,0.533725,0.514570,0.473765,0.504756,0.503315,0.526594,0.511771,0.478345
15.807749,0.496902,0.494614,0.499745,0.487155,0.497831,0.503670,0.512467,0.486299
15.832154,0.520489,0.494159,0.496581,0.504804,0.496417,0.502656,0.505236,0.514520
15.856916,0.486726,0.472801,0.504168,0.528185,0.474334,0.533693,0.531274,0.497442
15.881734,0.479735,0.517299,0.488638,0.512001,0.482681,0.478105,0.503620,0.470940
15.904465,0.526846,0.442965,0.506991,0.492295,0.501315,0.476983,0.503441,0.513402
15.925595,0.487018,0.497840,0.508997,0.571599,0.481843,0.458977,0.515773,0.494221
15.946429,0.505619,0.499526,0.465895,0.494038,0.516503,0.475699,0.497792,0.505112
15.970794,0.487193,0.507035,0.509036,0.466269,0.502197,0.493793,0.477364,0.507539
15.993226,0.492425,0.509742,0.494654,0.516021,0.504209,0.533755,0.505194,0.482952
16.015931,0.509854,0.486413,0.520684,0.521670,0.487502,0.488960,0.511053,0.490846
16.037104,0.518429,0.479360,0.513375,0.479238,0.496594,0.506387,0.485253,0.511565
16.058414,0.488610,0.504796,0.473281,0.494277,0.483619,0.506142,0.500971,0.461910
16.083191,0.533536,0.487450,0.453778,0.483213,0.506262,0.464740,0.511584,0.492765
16.107982,0.524870,0.511439,0.486389,0.515427,0.501766,0.492393,0.495524,0.503191
16.130783,0.507103,0.520688,0.507152,0.487673,0.476802,0.495441,0.501225,0.483421
16.155557,0.509488,0.479193,0.489284,0.497976,0.491581,0.479862,0.499950,0.549908
16.178038,0.465482,0.525396,0.515269,0.499925,0.512752,0.482173,0.466479,0.516983
16.202784,0.511876,0.553413,0.497204,0.494200,0.482165,0.488209,0.475949,0.503589
16.226082,0.509995,0.515519,0.475430,0.543354,0.486779,0.510984,0.498296,0.518442
16.250857,0.523844,0.516324,0.476570,0.460166,0.499275,0.506772,0.492658,0.476076
16.273920,0.498411,0.499706,0.517316,0.502015,0.499404,0.496579,0.483936,0.476300
16.297356,0.506807,0.485130,0.513695,0.502118,0.503134,0.480967,0.519989,0.499242
16.322143,0.510780,0.471472,0.496018,0.516471,0.506795,0.501978,0.485710,0.481085
16.346408,0.501983,0.518020,0.532385,0.487338,0.470995,0.539303,0.504004,0.516940
16.370780,0.484073,0.507942,0.484932,0.538767,0.509003,0.505132,0.503846,0.520242
16.394418,0.471852,0.478339,0.512681,0.497782,0.484588,0.469046,0.506303,0.485488
16.415905,0.506226,0.479177,0.488654,0.496671,0.479330,0.507261,0.496044,0.509268
16.440685,0.511708,0.488998,0.514419,0.491879,0.502759,0.448543,0.512182,0.454839
16.462952,0.467400,0.511964,0.535667,0.489924,0.481711,0.473678,0.502200,0.475636
16.484704,0.502890,0.505725,0.482532,0.545775,0.474350,0.506905,0.478382,0.548118
16.506397,0.496527,0.529161,0.515463,0.495808,0.521195,0.431441,0.516685,0.517508
16.531177,0.447349,0.495755,0.483117,0.499155,0.508483,0.489373,0.489286,0.488856
16.555996,0.503009,0.516537,0.480324,0.510599,0.474825,0.509366,0.467831,0.501522
16.580223,0.513610,0.568309,0.495025,0.482840,0.467262,0.510017,0.509510,0.514959
16.605015,0.495890,0.502916,0.528133,0.480312,0.493927,0.525878,0.499942,0.508839
16.629726,0.496805,0.511390,0.531171,0.538052,0.506096,0.518850,0.500460,0.478050
16.650845,0.469640,0.519702,0.473819,0.503048,0.479099,0.498109,0.518260,0.494586
16.675620,0.474113,0.486602,0.505186,0.491706,0.510597,0.508872,0.497119,0.505522
16.700439,0.511198,0.505357,0.479245,0.535460,0.518242,0.504541,0.542834,0.506920
16.725219,0.490813,0.464059,0.476595,0.529918,0.476228,0.504455,0.512864,0.495336
16.746551,0.497754,0.532292,0.491781,0.489260,0.501177,0.482577,0.519316,0.493499
16.771338,0.521080,0.482872,0.487421,0.495152,0.480781,0.518833,0.469000,0.484070
16.795308,0.499601,0.496718,0.459779,0.500907,0.484992,0.482518,0.499708,0.531120
16.816317,0.542974,0.479197,0.536717,0.498923,0.482520,0.518561,0.511308,0.503226
16.841078,0.502842,0.477719,0.523832,0.499385,0.502262,0.490180,0.539928,0.454404
16.863755,0.506433,0.489243,0.545609,0.493970,0.528810,0.486744,0.481927,0.476265
16.888534,0.507534,0.453995,0.481581,0.503929,0.509109,0.493131,0.512174,0.518566
16.911713,0.481308,0.477208,0.480440,0.487537,0.509589,0.476107,0.499407,0.516806
16.936520,0.486931,0.494443,0.516286,0.519902,0.508107,0.468134,0.528948,0.490297
16.959760,0.504731,0.521883,0.507216,0.459256,0.491065,0.537271,0.492608,0.491855
16.980752,0.537990,0.524294,0.520627,0.530609,0.463886,0.500522,0.527859,0.495571
17.002462,0.507540,0.477643,0.520084,0.474561,0.549373,0.463798,0.518233,0.509621
17.026821,0.539129,0.560041,0.458005,0.492757,0.506406,0.463108,0.505006,0.503759
17.051545,0.497072,0.527419,0.476727,0.525744,0.520389,0.501531,0.534054,0.495198
17.076313,0.519144,0.500144,0.524276,0.510331,0.502325,0.519643,0.487374,0.509416
17.101094,0.525368,0.505850,0.467003,0.499826,0.490425,0.513360,0.531875,0.498531
17.125060,0.471769,0.498179,0.487290,0.486956,0.526189,0.491126,0.489629,0.466384
17.149841,0.516696,0.501414,0.496221,0.489721,0.467724,0.518663,0.493973,0.496214
17.174618,0.473163,0.503836,0.517667,0.493135,0.461197,0.495021,0.513062,0.541936
17.197940,0.482745,0.507872,0.520174,0.506337,0.473619,0.524987,0.496480,0.539054
17.222750,0.487654,0.496741,0.494139,0.487842,0.525955,0.506544,0.498783,0.478749
17.244057,0.481359,0.513772,0.509022,0.488525,0.517607,0.481971,0.490023,0.519175
17.266409,0.514106,0.497302,0.499997,0.491864,0.490329,0.506437,0.484918,0.484744
17.289179,0.502473,0.516059,0.499930,0.515515,0.511837,0.490291,0.492836,0.528154
17.313146,0.479830,0.509712,0.480097,0.480666,0.487922,0.497180,0.483469,0.523681
17.337943,0.485791,0.483601,0.512210,0.495490,0.483218,0.508774,0.479067,0.542693
17.361635,0.479053,0.515963,0.501230,0.477397,0.489772,0.507770,0.494057,0.491086
17.385007,0.489725,0.498269,0.551291,0.524876,0.483448,0.496496,0.491672,0.478830
17.408232,0.476471,0.502183,0.513524,0.509129,0.501888,0.485452,0.475966,0.472112
17.429083,0.490960,0.494304,0.503964,0.510673,0.504876,0.491240,0.479659,0.501366
17.453843,0.504644,0.481688,0.493982,0.529906,0.509468,0.511664,0.500783,0.504255
17.478239,0.510089,0.483533,0.482222,0.477871,0.502818,0.468060,0.536499,0.494660
17.503005,0.477013,0.464449,0.504709,0.523571,0.473788,0.500021,0.472156,0.497445
17.527791,0.452544,0.507433,0.507709,0.484309,0.510512,0.500853,0.514562,0.519433
17.552559,0.514096,0.509994,0.514380,0.509545,0.479707,0.504048,0.486638,0.512879
17.577341,0.531511,0.475524,0.458984,0.451846,0.507993,0.495460,0.505651,0.503087
17.601833,0.509954,0.523755,0.514218,0.491291,0.506074,0.478334,0.534492,0.513572
17.624114,0.493105,0.537502,0.506531,0.536508,0.495210,0.518962,0.515330,0.515103
17.647698,0.476634,0.464724,0.477719,0.477777,0.505780,0.528949,0.528480,0.504471
17.672458,0.532702,0.463539,0.520156,0.495869,0.508360,0.472503,0.505370,0.529656
17.695243,0.520042,0.522390,0.479736,0.506154,0.498775,0.516889,0.507276,0.502912
17.716355,0.500127,0.483169,0.489701,0.473029,0.475486,0.504509,0.479375,0.515006
17.741130,0.521381,0.483295,0.482419,0.484308,0.501727,0.497507,0.477504,0.485989
17.765933,0.497121,0.485779,0.504176,0.499466,0.490509,0.523061,0.496201,0.495153
17.788224,0.515422,0.493572,0.510922,0.516336,0.491342,0.540985,0.504198,0.528370
17.810498,0.468342,0.508960,0.500771,0.490220,0.526828,0.483418,0.501823,0.507581
17.835295,0.498146,0.496330,0.477499,0.515549,0.478645,0.529749,0.511918,0.474465
17.860051,0.481837,0.503552,0.508867,0.505151,0.508086,0.510542,0.497445,0.488801
17.882421,0.472754,0.520307,0.457097,0.544243,0.517001,0.524628,0.512490,0.528031
17.906939,0.509313,0.463828,0.488126,0.473005,0.515118,0.516824,0.512289,0.502435
17.931714,0.478192,0.482088,0.518181,0.494844,0.483685,0.503447,0.519586,0.533791
17.956508,0.500675,0.485339,0.498281,0.494356,0.491338,0.518981,0.498890,0.489218
17.976703,0.504674,0.465629,0.522965,0.506629,0.493702,0.485049,0.499092,0.520103
18.001504,0.484922,0.486842,0.493032,0.543689,0.542678,0.485884,0.461036,0.529910
18.025994,0.505985,0.491061,0.479429,0.491911,0.523853,0.496157,0.484066,0.495486
18.050745,0.521578,0.540682,0.515182,0.480620,0.509696,0.481123,0.528593,0.479465
18.075559,0.484223,0.478620,0.510437,0.445345,0.502091,0.492090,0.504845,0.496998
18.099572,0.531713,0.497039,0.519177,0.511231,0.507167,0.526509,0.456472,0.537588
18.124190,0.492077,0.515602,0.529325,0.486594,0.527877,0.477202,0.510561,0.535389
18.145584,0.470594,0.523731,0.502269,0.494838,0.494861,0.514734,0.505655,0.507069
18.166293,0.490434,0.475563,0.488386,0.491042,0.501926,0.533253,0.503158,0.523773
18.191105,0.497460,0.533550,0.486730,0.553681,0.479481,0.485875,0.492655,0.500567
18.215887,0.491155,0.495750,0.511253,0.483105,0.467204,0.504976,0.507592,0.508489
18.236760,0.514098,0.448936,0.501456,0.487590,0.483949,0.503384,0.498554,0.484488
18.261565,0.481338,0.511181,0.501694,0.488414,0.517251,0.483274,0.481002,0.518780
18.284398,0.529297,0.487193,0.496949,0.500351,0.527782,0.497140,0.483419,0.454961
18.308776,0.494390,0.514286,0.476542,0.493743,0.510755,0.474748,0.503481,0.533674
18.330435,0.515054,0.496215,0.477484,0.519530,0.497609,0.523740,0.523292,0.518857
18.355192,0.499721,0.496820,0.464816,0.514001,0.482955,0.485074,0.491279,0.523245
18.379976,0.505698,0.473836,0.489355,0.493248,0.492621,0.515675,0.487173,0.500181
18.404778,0.462575,0.513887,0.517651,0.494514,0.477885,0.505309,0.528279,0.508566
18.425577,0.518721,0.497888,0.481994,0.497799,0.500415,0.498038,0.478116,0.506276
18.450157,0.502474,0.513907,0.504686,0.464249,0.506356,0.507573,0.492597,0.493893
18.470581,0.510234,0.487339,0.528658,0.502427,0.466755,0.465431,0.453633,0.503858
18.495362,0.493670,0.527035,0.482527,0.505346,0.473121,0.489055,0.504198,0.510671
18.517313,0.492383,0.530265,0.522876,0.491132,0.501052,0.506509,0.481739,0.455431
18.538656,0.492439,0.492030,0.523078,0.535082,0.487960,0.464263,0.471316,0.495388
18.562364,0.505411,0.509327,0.509173,0.482286,0.515403,0.483940,0.524306,0.480008
18.586378,0.525920,0.504038,0.511852,0.481674,0.495843,0.513743,0.483349,0.527806
18.607458,0.492944,0.524798,0.527556,0.540075,0.506450,0.487347,0.474413,0.470421
18.630409,0.468538,0.520859,0.497752,0.502063,0.522678,0.500536,0.535120,0.523761
18.655170,0.489017,0.503876,0.490029,0.480904,0.480955,0.520960,0.477657,0.501772
18.679503,0.511344,0.504821,0.509359,0.483535,0.543383,0.505879,0.509963,0.515906
18.704299,0.496881,0.512435,0.511033,0.476938,0.543378,0.490797,0.500369,0.497905
18.725806,0.460512,0.514418,0.487476,0.497354,0.546976,0.474287,0.507160,0.510042
18.748307,0.480084,0.516081,0.528351,0.483850,0.497846,0.492454,0.512370,0.536038
18.773023,0.495282,0.505031,0.508083,0.506653,0.557863,0.498280,0.505999,0.490187
18.794176,0.500733,0.500527,0.503219,0.489066,0.471675,0.483321,0.510686,0.470369
18.815892,0.540729,0.516929,0.470938,0.488309,0.516694,0.502173,0.497352,0.523201
18.837032,0.495411,0.479284,0.509163,0.501375,0.498038,0.495842,0.495219,0.497376
18.861785,0.468119,0.491927,0.502955,0.477931,0.513084,0.510870,0.474147,0.518795
18.885079,0.506290,0.468008,0.469691,0.486216,0.498183,0.511778,0.487627,0.511261
18.909810,0.489156,0.496440,0.534711,0.534479,0.482594,0.498605,0.491552,0.496672
18.931781,0.469599,0.510606,0.504889,0.504199,0.506515,0.464820,0.525620,0.474431
18.954356,0.534682,0.523325,0.500574,0.515192,0.500153,0.483105,0.506659,0.476864
18.978810,0.484605,0.513766,0.483890,0.542839,0.496769,0.488881,0.489706,0.496975
19.002229,0.506913,0.495882,0.520479,0.494156,0.485713,0.501543,0.504869,0.491086
19.024459,0.518595,0.525932,0.466268,0.502711,0.518037,0.456287,0.527435,0.514465
19.048411,0.497877,0.487709,0.489032,0.473790,0.511764,0.511437,0.514651,0.500010
19.071734,0.497468,0.508892,0.520189,0.521540,0.505533,0.503984,0.520493,0.478443
19.093039,0.532964,0.497281,0.499571,0.529320,0.524317,0.482392,0.492014,0.471742
19.115501,0.513663,0.495392,0.521473,0.485554,0.485253,0.512792,0.515405,0.482408
19.140285,0.513218,0.491523,0.512458,0.472704,0.513130,0.521911,0.509540,0.516718
19.165005,0.486696,0.525590,0.507442,0.469751,0.523169,0.483268,0.515075,0.499091
19.189763,0.483844,0.522430,0.508987,0.498681,0.488983,0.498183,0.487020,0.504830
19.214542,0.512018,0.538666,0.491103,0.466683,0.458455,0.503428,0.518346,0.483770
19.239308,0.534370,0.464689,0.502552,0.500326,0.477300,0.521754,0.505097,0.494392
19.264091,0.516961,0.476029,0.522030,0.508087,0.467296,0.535232,0.488297,0.498404
19.288871,0.482022,0.477220,0.509807,0.513603,0.489303,0.457774,0.522213,0.518824
19.309877,0.491843,0.451260,0.486336,0.513367,0.480977,0.498194,0.513486,0.492893
19.331833,0.501736,0.523105,0.491549,0.526389,0.490023,0.507592,0.469552,0.492512
19.356610,0.502069,0.513232,0.477804,0.533912,0.468498,0.490552,0.506743,0.486554
19.381352,0.498906,0.513679,0.513808,0.499120,0.515107,0.487968,0.498858,0.519174
19.404716,0.523776,0.495098,0.540261,0.476022,0.513230,0.486161,0.481587,0.529773
19.429502,0.477624,0.496575,0.505003,0.479506,0.514654,0.474645,0.479842,0.482933
19.454279,0.518648,0.466727,0.479473,0.531894,0.522145,0.521171,0.489794,0.468662
19.479051,0.482242,0.520044,0.529789,0.533390,0.510026,0.509808,0.489734,0.489351
19.503838,0.496692,0.519955,0.485749,0.514528,0.457766,0.493172,0.481063,0.517422
19.528655,0.528210,0.527082,0.494966,0.523449,0.462521,0.494302,0.541242,0.463949
19.552310,0.522916,0.460042,0.492023,0.520644,0.528206,0.506379,0.491709,0.493900
19.576800,0.488928,0.490449,0.524796,0.519284,0.486706,0.510330,0.494917,0.509979
19.598606,0.508483,0.477763,0.509475,0.536224,0.506772,0.515141,0.486734,0.475968
19.619561,0.522866,0.484240,0.503674,0.528012,0.489965,0.501800,0.464287,0.532755
19.642802,0.508658,0.503393,0.504846,0.500037,0.528789,0.483544,0.488314,0.468552
19.664037,0.553206,0.505332,0.486446,0.477314,0.494330,0.526472,0.515915,0.501213
19.688232,0.495950,0.506956,0.487367,0.509875,0.529111,0.456186,0.470278,0.484905
19.713025,0.508750,0.502114,0.481924,0.471539,0.545034,0.492106,0.497283,0.487603
19.737852,0.543446,0.476794,0.495685,0.481436,0.519854,0.506536,0.468002,0.514288
19.759811,0.486444,0.484731,0.556432,0.488914,0.499985,0.515221,0.525165,0.474592
19.784590,0.510397,0.536731,0.506852,0.510427,0.525116,0.498150,0.518516,0.487168
19.807296,0.532194,0.498027,0.508225,0.482514,0.494722,0.502195,0.471482,0.456156
19.831162,0.490084,0.497915,0.483969,0.472470,0.515822,0.514827,0.493889,0.490130
19.855965,0.496016,0.475546,0.543651,0.540896,0.479298,0.524735,0.450346,0.483546
19.876854,0.522471,0.476983,0.466628,0.514118,0.470069,0.497569,0.509529,0.538234
19.901661,0.501797,0.493188,0.470746,0.502077,0.481306,0.519065,0.488163,0.492693
19.922078,0.532276,0.500720,0.499371,0.481903,0.496149,0.483621,0.511538,0.526383
19.945583,0.489892,0.489588,0.486748,0.508292,0.499294,0.505927,0.555784,0.468049
19.968369,0.508655,0.503781,0.471519,0.528699,0.489756,0.498516,0.500866,0.509539
19.992747,0.502233,0.481061,0.509526,0.487092,0.526011,0.481786,0.513208,0.519311
20.016117,0.515458,0.540056,0.515074,0.460474,0.506802,0.508122,0.482271,0.512501
20.038339,0.505074,0.520506,0.522959,0.472017,0.483344,0.481802,0.510822,0.476501
20.063104,0.503306,0.522667,0.478788,0.433928,0.502023,0.488124,0.503841,0.490785
20.087884,0.526181,0.510508,0.493542,0.507363,0.489324,0.532120,0.494873,0.507356
20.112684,0.476912,0.473986,0.512313,0.490632,0.479230,0.512523,0.478323,0.494390
20.134385,0.529156,0.505311,0.494937,0.507512,0.512209,0.485984,0.504936,0.490313
20.158547,0.509959,0.480129,0.492887,0.500429,0.530407,0.500345,0.473607,0.528950
20.181090,0.514040,0.492805,0.512886,0.526753,0.454338,0.472855,0.516183,0.473835
20.205903,0.489793,0.477426,0.529799,0.473139,0.507101,0.520984,0.505221,0.494741
20.229060,0.498676,0.450805,0.471017,0.502481,0.534924,0.528813,0.466241,0.486962
20.252275,0.491116,0.465367,0.464240,0.461845,0.485445,0.512662,0.484406,0.525195
20.277018,0.512328,0.525445,0.489785,0.490155,0.491120,0.519731,0.500435,0.487088
20.300545,0.491219,0.508849,0.516918,0.525307,0.498548,0.465930,0.507473,0.504318
20.325329,0.490633,0.490377,0.506027,0.468008,0.493110,0.474723,0.495107,0.573255
20.347733,0.500418,0.494692,0.522511,0.534252,0.509135,0.552398,0.487303,0.535632
20.372539,0.507765,0.540610,0.519303,0.506449,0.504042,0.512320,0.535978,0.483131
20.397328,0.499395,0.505076,0.520089,0.501739,0.485246,0.497440,0.483601,0.510448
20.418897,0.533717,0.445843,0.515091,0.462562,0.477579,0.510912,0.498767,0.502146
20.443501,0.524526,0.501851,0.501305,0.506746,0.503662,0.508810,0.508839,0.503487
20.466229,0.506613,0.508119,0.509375,0.518543,0.504155,0.502499,0.518009,0.519388
20.491004,0.527449,0.466682,0.469259,0.464872,0.489859,0.506232,0.480098,0.518233
20.514250,0.498278,0.512130,0.544361,0.488370,0.506040,0.528295,0.517892,0.512426
20.538346,0.520591,0.496760,0.527212,0.505495,0.519771,0.467324,0.538489,0.468281
20.562095,0.507077,0.510498,0.508464,0.496900,0.492648,0.488395,0.489575,0.489562
20.586356,0.467968,0.530805,0.523151,0.512418,0.516823,0.522672,0.524679,0.497473
20.611158,0.480143,0.485871,0.496458,0.508032,0.524244,0.489555,0.520217,0.521148
20.635864,0.498542,0.498652,0.419897,0.497456,0.498359,0.487257,0.528896,0.491465
20.660625,0.500207,0.475314,0.504985,0.499784,0.501600,0.490810,0.486040,0.492494
20.682351,0.511554,0.523322,0.484929,0.456378,0.501608,0.510926,0.494814,0.491487
20.707149,0.502544,0.506725,0.469786,0.475665,0.481274,0.497852,0.462173,0.514828
20.731956,0.493970,0.514454,0.492682,0.504322,0.500335,0.514770,0.495678,0.516739
20.753730,0.468723,0.532422,0.527726,0.521300,0.473319,0.498078,0.480437,0.486813
20.778507,0.480313,0.489528,0.519608,0.502951,0.489552,0.490292,0.492217,0.481585
20.800568,0.489162,0.474229,0.502540,0.494993,0.507482,0.535008,0.482042,0.508625
20.821006,0.526589,0.524654,0.492729,0.502404,0.484621,0.516809,0.465536,0.514642
20.843444,0.460959,0.524379,0.504985,0.495230,0.486723,0.480009,0.475030,0.466026
20.866257,0.500442,0.521159,0.484058,0.489709,0.486250,0.515233,0.462682,0.487196
20.891015,0.458496,0.478519,0.543775,0.513959,0.457012,0.509593,0.480317,0.512058
20.915797,0.497184,0.486584,0.515938,0.490032,0.498468,0.512417,0.497877,0.552054
20.940602,0.518713,0.498798,0.506610,0.478787,0.507883,0.474218,0.490883,0.489090
20.961602,0.500052,0.486277,0.517338,0.480991,0.491261,0.490587,0.532296,0.532621
20.986368,0.500156,0.511476,0.486263,0.520101,0.488085,0.487661,0.492456,0.494349
21.008074,0.498585,0.525790,0.501968,0.502766,0.548137,0.520089,0.498099,0.510465
21.032859,0.493516,0.503737,0.520233,0.516550,0.533172,0.479027,0.472146,0.501128
21.057626,0.471617,0.509064,0.477597,0.508544,0.506856,0.498179,0.535811,0.501118
21.082358,0.514066,0.478267,0.524444,0.464307,0.496336,0.506178,0.502056,0.547926
21.103646,0.482355,0.527562,0.498603,0.514050,0.477642,0.529691,0.530281,0.470142
21.125006,0.489909,0.533788,0.481290,0.499525,0.500070,0.481634,0.480319,0.486804
21.148067,0.518513,0.510405,0.491046,0.453265,0.525831,0.484137,0.461116,0.503448
21.171681,0.502871,0.461083,0.490001,0.503980,0.478247,0.497775,0.482413,0.499028
21.194380,0.475306,0.512159,0.511023,0.498988,0.474645,0.487359,0.502864,0.488710
21.218808,0.498795,0.506569,0.524217,0.468607,0.550327,0.488231,0.529950,0.513452
21.242176,0.518835,0.517923,0.485690,0.544755,0.481249,0.469421,0.515404,0.486089
21.266385,0.487597,0.508662,0.477448,0.504029,0.491086,0.522164,0.509291,0.496121
21.291011,0.538468,0.471284,0.473911,0.496965,0.514205,0.499973,0.501171,0.485733
21.315789,0.524404,0.496128,0.476914,0.470391,0.478166,0.478253,0.508714,0.520736
21.340552,0.521865,0.504371,0.471416,0.514484,0.492317,0.516373,0.516770,0.539703
21.365350,0.491509,0.550074,0.499585,0.526051,0.498924,0.521409,0.477005,0.481686
21.390085,0.494028,0.499573,0.485868,0.503765,0.531651,0.508122,0.526508,0.492029
21.410853,0.501561,0.511143,0.494531,0.482033,0.474515,0.446818,0.483937,0.483617
21.431799,0.498580,0.519828,0.467735,0.469364,0.477022,0.494816,0.499761,0.443179
21.453921,0.472324,0.526914,0.489577,0.489330,0.504706,0.518294,0.521844,0.546062
21.478184,0.513510,0.536597,0.531958,0.494080,0.491545,0.474163,0.510127,0.511864
21.501034,0.501139,0.498883,0.489511,0.478759,0.513586,0.503015,0.471814,0.528248
